-- Insert sample brands
INSERT INTO brands (id, name, category, created_at, updated_at) VALUES 
(1, 'Apple', 'APPLE', CURRENT_TIMESTAMP, CURRENT_TIMESTAMP),
(2, 'Samsung', 'ANDROID', CURRENT_TIMESTAMP, CURRENT_TIMESTAMP),
(3, 'Google', 'ANDROID', CURRENT_TIMESTAMP, CURRENT_TIMESTAMP),
(4, 'OnePlus', 'ANDROID', CURRENT_TIMESTAMP, CURRENT_TIMESTAMP);

-- Insert sample models
INSERT INTO models (id, name, brand_id, release_year, created_at, updated_at) VALUES
-- Apple iPhones
(1, 'iPhone 15 Pro Max', 1, 2023, CURRENT_TIMESTAMP, CURRENT_TIMESTAMP),
(2, 'iPhone 15 Pro', 1, 2023, CURRENT_TIMESTAMP, CURRENT_TIMESTAMP),
(3, 'iPhone 15', 1, 2023, CURRENT_TIMESTAMP, CURRENT_TIMESTAMP),
(4, 'iPhone 14 Pro Max', 1, 2022, CURRENT_TIMESTAMP, CURRENT_TIMESTAMP),
(5, 'iPhone 14 Pro', 1, 2022, CURRENT_TIMESTAMP, CURRENT_TIMESTAMP),
(6, 'iPhone 14', 1, 2022, CURRENT_TIMESTAMP, CURRENT_TIMESTAMP),
(7, 'iPhone 13 Pro', 1, 2021, CURRENT_TIMESTAMP, CURRENT_TIMESTAMP),
(8, 'iPhone 13', 1, 2021, CURRENT_TIMESTAMP, CURRENT_TIMESTAMP),
(9, 'iPhone 12 Pro', 1, 2020, CURRENT_TIMESTAMP, CURRENT_TIMESTAMP),
(10, 'iPhone 12', 1, 2020, CURRENT_TIMESTAMP, CURRENT_TIMESTAMP),
-- Samsung Galaxy
(11, 'Galaxy S24 Ultra', 2, 2024, CURRENT_TIMESTAMP, CURRENT_TIMESTAMP),
(12, 'Galaxy S24 Plus', 2, 2024, CURRENT_TIMESTAMP, CURRENT_TIMESTAMP),
(13, 'Galaxy S24', 2, 2024, CURRENT_TIMESTAMP, CURRENT_TIMESTAMP),
(14, 'Galaxy S23 Ultra', 2, 2023, CURRENT_TIMESTAMP, CURRENT_TIMESTAMP),
(15, 'Galaxy S23', 2, 2023, CURRENT_TIMESTAMP, CURRENT_TIMESTAMP),
(16, 'Galaxy S22 Ultra', 2, 2022, CURRENT_TIMESTAMP, CURRENT_TIMESTAMP),
(17, 'Galaxy S22', 2, 2022, CURRENT_TIMESTAMP, CURRENT_TIMESTAMP),
(18, 'Galaxy Z Fold 5', 2, 2023, CURRENT_TIMESTAMP, CURRENT_TIMESTAMP),
(19, 'Galaxy Z Flip 5', 2, 2023, CURRENT_TIMESTAMP, CURRENT_TIMESTAMP),
-- Google Pixel
(20, 'Pixel 8 Pro', 3, 2023, CURRENT_TIMESTAMP, CURRENT_TIMESTAMP),
(21, 'Pixel 8', 3, 2023, CURRENT_TIMESTAMP, CURRENT_TIMESTAMP),
(22, 'Pixel 7 Pro', 3, 2022, CURRENT_TIMESTAMP, CURRENT_TIMESTAMP),
(23, 'Pixel 7', 3, 2022, CURRENT_TIMESTAMP, CURRENT_TIMESTAMP),
(24, 'Pixel 6 Pro', 3, 2021, CURRENT_TIMESTAMP, CURRENT_TIMESTAMP),
(25, 'Pixel 6', 3, 2021, CURRENT_TIMESTAMP, CURRENT_TIMESTAMP),
-- OnePlus
(26, 'OnePlus 12', 4, 2024, CURRENT_TIMESTAMP, CURRENT_TIMESTAMP),
(27, 'OnePlus 11', 4, 2023, CURRENT_TIMESTAMP, CURRENT_TIMESTAMP);

-- Insert sample users
INSERT INTO users (id, email, first_name, last_name, phone_number, address_line1, city, state, country, postal_code, created_at, updated_at) VALUES
(1, 'admin@mobileparts.com', 'Admin', 'User', '1234567890', '123 Admin St', 'Seattle', 'WA', 'USA', '98101', CURRENT_TIMESTAMP, CURRENT_TIMESTAMP),
(2, 'vendor@mobileparts.com', 'Vendor', 'User', '1234567891', '456 Vendor Ave', 'Portland', 'OR', 'USA', '97201', CURRENT_TIMESTAMP, CURRENT_TIMESTAMP),
(3, 'customer@mobileparts.com', 'Customer', 'User', '1234567892', '789 Customer Blvd', 'San Francisco', 'CA', 'USA', '94102', CURRENT_TIMESTAMP, CURRENT_TIMESTAMP);

-- Insert user roles
INSERT INTO user_roles (user_id, role) VALUES
(1, 'ADMIN'),
(2, 'VENDOR'),
(3, 'CUSTOMER');

-- Insert sample components
INSERT INTO components (id, name, component_type, description, price, quantity_available, warranty_months, approval_status, sku, model_id, vendor_id, created_at, updated_at) VALUES
-- iPhone 15 Pro Max Components
(1, 'iPhone 15 Pro Max OLED Screen', 'SCREEN', 'Original 6.7" Super Retina XDR display with ProMotion', 349.99, 45, 6, 'APPROVED', 'SKU-IP15PM-SCR-001', 1, 2, CURRENT_TIMESTAMP, CURRENT_TIMESTAMP),
(2, 'iPhone 15 Pro Max Battery', 'BATTERY', 'High capacity 4422mAh battery', 99.99, 80, 12, 'APPROVED', 'SKU-IP15PM-BAT-001', 1, 2, CURRENT_TIMESTAMP, CURRENT_TIMESTAMP),
(3, 'iPhone 15 Pro Max Camera Module', 'CAMERA_REAR', 'Triple camera system 48MP main', 249.99, 30, 6, 'APPROVED', 'SKU-IP15PM-CAM-001', 1, 2, CURRENT_TIMESTAMP, CURRENT_TIMESTAMP),
(4, 'iPhone 15 Pro Max Back Glass', 'OTHER', 'Titanium frame with glass back', 129.99, 50, 3, 'APPROVED', 'SKU-IP15PM-BCK-001', 1, 2, CURRENT_TIMESTAMP, CURRENT_TIMESTAMP),

-- iPhone 15 Pro Components
(5, 'iPhone 15 Pro OLED Screen', 'SCREEN', 'Original 6.1" Super Retina XDR display', 329.99, 60, 6, 'APPROVED', 'SKU-IP15P-SCR-001', 2, 2, CURRENT_TIMESTAMP, CURRENT_TIMESTAMP),
(6, 'iPhone 15 Pro Battery', 'BATTERY', '3274mAh battery', 89.99, 100, 12, 'APPROVED', 'SKU-IP15P-BAT-001', 2, 2, CURRENT_TIMESTAMP, CURRENT_TIMESTAMP),
(7, 'iPhone 15 Pro Camera Module', 'CAMERA_REAR', 'Triple camera 48MP main', 229.99, 40, 6, 'APPROVED', 'SKU-IP15P-CAM-001', 2, 2, CURRENT_TIMESTAMP, CURRENT_TIMESTAMP),
(8, 'iPhone 15 Pro Charging Port', 'OTHER', 'USB-C charging port', 39.99, 120, 6, 'APPROVED', 'SKU-IP15P-CHG-001', 2, 2, CURRENT_TIMESTAMP, CURRENT_TIMESTAMP),

-- iPhone 15 Components
(9, 'iPhone 15 OLED Screen', 'SCREEN', '6.1" Super Retina XDR display', 299.99, 70, 6, 'APPROVED', 'SKU-IP15-SCR-001', 3, 2, CURRENT_TIMESTAMP, CURRENT_TIMESTAMP),
(10, 'iPhone 15 Battery', 'BATTERY', '3349mAh battery', 79.99, 110, 12, 'APPROVED', 'SKU-IP15-BAT-001', 3, 2, CURRENT_TIMESTAMP, CURRENT_TIMESTAMP),
(11, 'iPhone 15 Dual Camera', 'CAMERA_REAR', 'Dual camera 48MP main + 12MP ultra-wide', 189.99, 50, 6, 'APPROVED', 'SKU-IP15-CAM-001', 3, 2, CURRENT_TIMESTAMP, CURRENT_TIMESTAMP),

-- iPhone 14 Pro Max Components
(12, 'iPhone 14 Pro Max Screen', 'SCREEN', '6.7" OLED display with Dynamic Island', 319.99, 40, 6, 'APPROVED', 'SKU-IP14PM-SCR-001', 4, 2, CURRENT_TIMESTAMP, CURRENT_TIMESTAMP),
(13, 'iPhone 14 Pro Max Battery', 'BATTERY', '4323mAh battery', 94.99, 85, 12, 'APPROVED', 'SKU-IP14PM-BAT-001', 4, 2, CURRENT_TIMESTAMP, CURRENT_TIMESTAMP),
(14, 'iPhone 14 Pro Max Camera', 'CAMERA_REAR', 'Triple 48MP camera system', 239.99, 35, 6, 'APPROVED', 'SKU-IP14PM-CAM-001', 4, 2, CURRENT_TIMESTAMP, CURRENT_TIMESTAMP),

-- iPhone 14 Pro Components
(15, 'iPhone 14 Pro Screen', 'SCREEN', '6.1" OLED with Dynamic Island', 299.99, 55, 6, 'APPROVED', 'SKU-IP14P-SCR-001', 5, 2, CURRENT_TIMESTAMP, CURRENT_TIMESTAMP),
(16, 'iPhone 14 Pro Battery', 'BATTERY', '3200mAh battery', 84.99, 95, 12, 'APPROVED', 'SKU-IP14P-BAT-001', 5, 2, CURRENT_TIMESTAMP, CURRENT_TIMESTAMP),
(17, 'iPhone 14 Pro Camera', 'CAMERA_REAR', 'Triple camera 48MP', 219.99, 45, 6, 'APPROVED', 'SKU-IP14P-CAM-001', 5, 2, CURRENT_TIMESTAMP, CURRENT_TIMESTAMP),

-- iPhone 14 Components
(18, 'iPhone 14 Screen', 'SCREEN', '6.1" OLED display', 269.99, 65, 6, 'APPROVED', 'SKU-IP14-SCR-001', 6, 2, CURRENT_TIMESTAMP, CURRENT_TIMESTAMP),
(19, 'iPhone 14 Battery', 'BATTERY', '3279mAh battery', 74.99, 105, 12, 'APPROVED', 'SKU-IP14-BAT-001', 6, 2, CURRENT_TIMESTAMP, CURRENT_TIMESTAMP),
(20, 'iPhone 14 Camera', 'CAMERA_REAR', 'Dual 12MP camera', 169.99, 60, 6, 'APPROVED', 'SKU-IP14-CAM-001', 6, 2, CURRENT_TIMESTAMP, CURRENT_TIMESTAMP),

-- iPhone 13 Pro Components
(21, 'iPhone 13 Pro Screen', 'SCREEN', '6.1" Super Retina XDR ProMotion', 279.99, 50, 6, 'APPROVED', 'SKU-IP13P-SCR-001', 7, 2, CURRENT_TIMESTAMP, CURRENT_TIMESTAMP),
(22, 'iPhone 13 Pro Battery', 'BATTERY', '3095mAh battery', 79.99, 90, 12, 'APPROVED', 'SKU-IP13P-BAT-001', 7, 2, CURRENT_TIMESTAMP, CURRENT_TIMESTAMP),
(23, 'iPhone 13 Pro Camera', 'CAMERA_REAR', 'Triple 12MP camera', 199.99, 40, 6, 'APPROVED', 'SKU-IP13P-CAM-001', 7, 2, CURRENT_TIMESTAMP, CURRENT_TIMESTAMP),

-- iPhone 13 Components
(24, 'iPhone 13 Screen', 'SCREEN', '6.1" Super Retina XDR display', 249.99, 70, 6, 'APPROVED', 'SKU-IP13-SCR-001', 8, 2, CURRENT_TIMESTAMP, CURRENT_TIMESTAMP),
(25, 'iPhone 13 Battery', 'BATTERY', '3240mAh battery', 69.99, 100, 12, 'APPROVED', 'SKU-IP13-BAT-001', 8, 2, CURRENT_TIMESTAMP, CURRENT_TIMESTAMP),
(26, 'iPhone 13 Camera', 'CAMERA_REAR', 'Dual 12MP camera', 159.99, 65, 6, 'APPROVED', 'SKU-IP13-CAM-001', 8, 2, CURRENT_TIMESTAMP, CURRENT_TIMESTAMP),

-- iPhone 12 Pro Components
(27, 'iPhone 12 Pro Screen', 'SCREEN', '6.1" Super Retina XDR display', 259.99, 45, 6, 'APPROVED', 'SKU-IP12P-SCR-001', 9, 2, CURRENT_TIMESTAMP, CURRENT_TIMESTAMP),
(28, 'iPhone 12 Pro Battery', 'BATTERY', '2815mAh battery', 74.99, 85, 12, 'APPROVED', 'SKU-IP12P-BAT-001', 9, 2, CURRENT_TIMESTAMP, CURRENT_TIMESTAMP),
(29, 'iPhone 12 Pro Camera', 'CAMERA_REAR', 'Triple 12MP camera', 189.99, 35, 6, 'APPROVED', 'SKU-IP12P-CAM-001', 9, 2, CURRENT_TIMESTAMP, CURRENT_TIMESTAMP),

-- iPhone 12 Components
(30, 'iPhone 12 Screen', 'SCREEN', '6.1" Super Retina XDR display', 239.99, 60, 6, 'APPROVED', 'SKU-IP12-SCR-001', 10, 2, CURRENT_TIMESTAMP, CURRENT_TIMESTAMP),
(31, 'iPhone 12 Battery', 'BATTERY', '2815mAh battery', 64.99, 95, 12, 'APPROVED', 'SKU-IP12-BAT-001', 10, 2, CURRENT_TIMESTAMP, CURRENT_TIMESTAMP),
(32, 'iPhone 12 Camera', 'CAMERA_REAR', 'Dual 12MP camera', 149.99, 55, 6, 'APPROVED', 'SKU-IP12-CAM-001', 10, 2, CURRENT_TIMESTAMP, CURRENT_TIMESTAMP),

-- Galaxy S24 Ultra Components
(33, 'Galaxy S24 Ultra AMOLED Screen', 'SCREEN', '6.8" Dynamic AMOLED 2X 120Hz', 369.99, 40, 6, 'APPROVED', 'SKU-GS24U-SCR-001', 11, 2, CURRENT_TIMESTAMP, CURRENT_TIMESTAMP),
(34, 'Galaxy S24 Ultra Battery', 'BATTERY', '5000mAh battery', 104.99, 75, 12, 'APPROVED', 'SKU-GS24U-BAT-001', 11, 2, CURRENT_TIMESTAMP, CURRENT_TIMESTAMP),
(35, 'Galaxy S24 Ultra Camera Module', 'CAMERA_REAR', 'Quad camera 200MP main', 279.99, 30, 6, 'APPROVED', 'SKU-GS24U-CAM-001', 11, 2, CURRENT_TIMESTAMP, CURRENT_TIMESTAMP),
(36, 'Galaxy S24 Ultra S Pen', 'OTHER', 'Replacement S Pen stylus', 49.99, 100, 6, 'APPROVED', 'SKU-GS24U-PEN-001', 11, 2, CURRENT_TIMESTAMP, CURRENT_TIMESTAMP),

-- Galaxy S24 Plus Components
(37, 'Galaxy S24 Plus AMOLED Screen', 'SCREEN', '6.7" Dynamic AMOLED 2X', 329.99, 50, 6, 'APPROVED', 'SKU-GS24P-SCR-001', 12, 2, CURRENT_TIMESTAMP, CURRENT_TIMESTAMP),
(38, 'Galaxy S24 Plus Battery', 'BATTERY', '4900mAh battery', 99.99, 80, 12, 'APPROVED', 'SKU-GS24P-BAT-001', 12, 2, CURRENT_TIMESTAMP, CURRENT_TIMESTAMP),
(39, 'Galaxy S24 Plus Camera', 'CAMERA_REAR', 'Triple camera 50MP main', 229.99, 40, 6, 'APPROVED', 'SKU-GS24P-CAM-001', 12, 2, CURRENT_TIMESTAMP, CURRENT_TIMESTAMP),

-- Galaxy S24 Components
(40, 'Galaxy S24 AMOLED Screen', 'SCREEN', '6.2" Dynamic AMOLED 2X', 299.99, 65, 6, 'APPROVED', 'SKU-GS24-SCR-001', 13, 2, CURRENT_TIMESTAMP, CURRENT_TIMESTAMP),
(41, 'Galaxy S24 Battery', 'BATTERY', '4000mAh battery', 89.99, 90, 12, 'APPROVED', 'SKU-GS24-BAT-001', 13, 2, CURRENT_TIMESTAMP, CURRENT_TIMESTAMP),
(42, 'Galaxy S24 Camera', 'CAMERA_REAR', 'Triple camera 50MP main', 209.99, 50, 6, 'APPROVED', 'SKU-GS24-CAM-001', 13, 2, CURRENT_TIMESTAMP, CURRENT_TIMESTAMP),

-- Galaxy S23 Ultra Components
(43, 'Galaxy S23 Ultra Screen', 'SCREEN', '6.8" Dynamic AMOLED 2X', 349.99, 35, 6, 'APPROVED', 'SKU-GS23U-SCR-001', 14, 2, CURRENT_TIMESTAMP, CURRENT_TIMESTAMP),
(44, 'Galaxy S23 Ultra Battery', 'BATTERY', '5000mAh battery', 99.99, 70, 12, 'APPROVED', 'SKU-GS23U-BAT-001', 14, 2, CURRENT_TIMESTAMP, CURRENT_TIMESTAMP),
(45, 'Galaxy S23 Ultra Camera', 'CAMERA_REAR', 'Quad camera 200MP main', 269.99, 30, 6, 'APPROVED', 'SKU-GS23U-CAM-001', 14, 2, CURRENT_TIMESTAMP, CURRENT_TIMESTAMP),

-- Galaxy S23 Components
(46, 'Galaxy S23 Screen', 'SCREEN', '6.1" Dynamic AMOLED 2X', 279.99, 55, 6, 'APPROVED', 'SKU-GS23-SCR-001', 15, 2, CURRENT_TIMESTAMP, CURRENT_TIMESTAMP),
(47, 'Galaxy S23 Battery', 'BATTERY', '3900mAh battery', 84.99, 85, 12, 'APPROVED', 'SKU-GS23-BAT-001', 15, 2, CURRENT_TIMESTAMP, CURRENT_TIMESTAMP),
(48, 'Galaxy S23 Camera', 'CAMERA_REAR', 'Triple camera 50MP main', 199.99, 45, 6, 'APPROVED', 'SKU-GS23-CAM-001', 15, 2, CURRENT_TIMESTAMP, CURRENT_TIMESTAMP),

-- Galaxy S22 Ultra Components
(49, 'Galaxy S22 Ultra Screen', 'SCREEN', '6.8" Dynamic AMOLED 2X', 329.99, 40, 6, 'APPROVED', 'SKU-GS22U-SCR-001', 16, 2, CURRENT_TIMESTAMP, CURRENT_TIMESTAMP),
(50, 'Galaxy S22 Ultra Battery', 'BATTERY', '5000mAh battery', 94.99, 75, 12, 'APPROVED', 'SKU-GS22U-BAT-001', 16, 2, CURRENT_TIMESTAMP, CURRENT_TIMESTAMP),
(51, 'Galaxy S22 Ultra Camera', 'CAMERA_REAR', 'Quad camera 108MP main', 249.99, 35, 6, 'APPROVED', 'SKU-GS22U-CAM-001', 16, 2, CURRENT_TIMESTAMP, CURRENT_TIMESTAMP),

-- Galaxy S22 Components
(52, 'Galaxy S22 Screen', 'SCREEN', '6.1" Dynamic AMOLED 2X', 269.99, 50, 6, 'APPROVED', 'SKU-GS22-SCR-001', 17, 2, CURRENT_TIMESTAMP, CURRENT_TIMESTAMP),
(53, 'Galaxy S22 Battery', 'BATTERY', '3700mAh battery', 79.99, 80, 12, 'APPROVED', 'SKU-GS22-BAT-001', 17, 2, CURRENT_TIMESTAMP, CURRENT_TIMESTAMP),
(54, 'Galaxy S22 Camera', 'CAMERA_REAR', 'Triple camera 50MP main', 189.99, 40, 6, 'APPROVED', 'SKU-GS22-CAM-001', 17, 2, CURRENT_TIMESTAMP, CURRENT_TIMESTAMP),

-- Galaxy Z Fold 5 Components
(55, 'Galaxy Z Fold 5 Main Screen', 'SCREEN', '7.6" Foldable AMOLED display', 599.99, 15, 6, 'APPROVED', 'SKU-GZF5-SCR-001', 18, 2, CURRENT_TIMESTAMP, CURRENT_TIMESTAMP),
(56, 'Galaxy Z Fold 5 Cover Screen', 'SCREEN', '6.2" Cover AMOLED display', 199.99, 20, 6, 'APPROVED', 'SKU-GZF5-CVR-001', 18, 2, CURRENT_TIMESTAMP, CURRENT_TIMESTAMP),
(57, 'Galaxy Z Fold 5 Battery', 'BATTERY', '4400mAh dual battery', 119.99, 25, 12, 'APPROVED', 'SKU-GZF5-BAT-001', 18, 2, CURRENT_TIMESTAMP, CURRENT_TIMESTAMP),
(58, 'Galaxy Z Fold 5 Hinge', 'OTHER', 'Flex hinge mechanism', 149.99, 30, 6, 'APPROVED', 'SKU-GZF5-HNG-001', 18, 2, CURRENT_TIMESTAMP, CURRENT_TIMESTAMP),

-- Galaxy Z Flip 5 Components
(59, 'Galaxy Z Flip 5 Main Screen', 'SCREEN', '6.7" Foldable AMOLED display', 399.99, 20, 6, 'APPROVED', 'SKU-GZL5-SCR-001', 19, 2, CURRENT_TIMESTAMP, CURRENT_TIMESTAMP),
(60, 'Galaxy Z Flip 5 Cover Screen', 'SCREEN', '3.4" Cover AMOLED display', 149.99, 25, 6, 'APPROVED', 'SKU-GZL5-CVR-001', 19, 2, CURRENT_TIMESTAMP, CURRENT_TIMESTAMP),
(61, 'Galaxy Z Flip 5 Battery', 'BATTERY', '3700mAh dual battery', 99.99, 30, 12, 'APPROVED', 'SKU-GZL5-BAT-001', 19, 2, CURRENT_TIMESTAMP, CURRENT_TIMESTAMP),

-- Pixel 8 Pro Components
(62, 'Pixel 8 Pro OLED Screen', 'SCREEN', '6.7" LTPO OLED 120Hz display', 319.99, 35, 6, 'APPROVED', 'SKU-PIX8P-SCR-001', 20, 2, CURRENT_TIMESTAMP, CURRENT_TIMESTAMP),
(63, 'Pixel 8 Pro Battery', 'BATTERY', '5050mAh battery', 94.99, 65, 12, 'APPROVED', 'SKU-PIX8P-BAT-001', 20, 2, CURRENT_TIMESTAMP, CURRENT_TIMESTAMP),
(64, 'Pixel 8 Pro Camera Module', 'CAMERA_REAR', 'Triple camera 50MP main + 48MP telephoto', 239.99, 30, 6, 'APPROVED', 'SKU-PIX8P-CAM-001', 20, 2, CURRENT_TIMESTAMP, CURRENT_TIMESTAMP),
(65, 'Pixel 8 Pro Back Glass', 'OTHER', 'Gorilla Glass Victus 2 back', 89.99, 45, 3, 'APPROVED', 'SKU-PIX8P-BCK-001', 20, 2, CURRENT_TIMESTAMP, CURRENT_TIMESTAMP),

-- Pixel 8 Components
(66, 'Pixel 8 OLED Screen', 'SCREEN', '6.2" OLED 120Hz display', 289.99, 50, 6, 'APPROVED', 'SKU-PIX8-SCR-001', 21, 2, CURRENT_TIMESTAMP, CURRENT_TIMESTAMP),
(67, 'Pixel 8 Battery', 'BATTERY', '4575mAh battery', 84.99, 75, 12, 'APPROVED', 'SKU-PIX8-BAT-001', 21, 2, CURRENT_TIMESTAMP, CURRENT_TIMESTAMP),
(68, 'Pixel 8 Camera Module', 'CAMERA_REAR', 'Dual camera 50MP main', 199.99, 40, 6, 'APPROVED', 'SKU-PIX8-CAM-001', 21, 2, CURRENT_TIMESTAMP, CURRENT_TIMESTAMP),

-- Pixel 7 Pro Components
(69, 'Pixel 7 Pro OLED Screen', 'SCREEN', '6.7" LTPO OLED display', 299.99, 40, 6, 'APPROVED', 'SKU-PIX7P-SCR-001', 22, 2, CURRENT_TIMESTAMP, CURRENT_TIMESTAMP),
(70, 'Pixel 7 Pro Battery', 'BATTERY', '5000mAh battery', 89.99, 70, 12, 'APPROVED', 'SKU-PIX7P-BAT-001', 22, 2, CURRENT_TIMESTAMP, CURRENT_TIMESTAMP),
(71, 'Pixel 7 Pro Camera', 'CAMERA_REAR', 'Triple camera 50MP main', 229.99, 35, 6, 'APPROVED', 'SKU-PIX7P-CAM-001', 22, 2, CURRENT_TIMESTAMP, CURRENT_TIMESTAMP),

-- Pixel 7 Components
(72, 'Pixel 7 OLED Screen', 'SCREEN', '6.3" OLED 90Hz display', 269.99, 55, 6, 'APPROVED', 'SKU-PIX7-SCR-001', 23, 2, CURRENT_TIMESTAMP, CURRENT_TIMESTAMP),
(73, 'Pixel 7 Battery', 'BATTERY', '4355mAh battery', 79.99, 80, 12, 'APPROVED', 'SKU-PIX7-BAT-001', 23, 2, CURRENT_TIMESTAMP, CURRENT_TIMESTAMP),
(74, 'Pixel 7 Camera', 'CAMERA_REAR', 'Dual camera 50MP main', 189.99, 45, 6, 'APPROVED', 'SKU-PIX7-CAM-001', 23, 2, CURRENT_TIMESTAMP, CURRENT_TIMESTAMP),

-- Pixel 6 Pro Components
(75, 'Pixel 6 Pro OLED Screen', 'SCREEN', '6.7" LTPO OLED display', 279.99, 35, 6, 'APPROVED', 'SKU-PIX6P-SCR-001', 24, 2, CURRENT_TIMESTAMP, CURRENT_TIMESTAMP),
(76, 'Pixel 6 Pro Battery', 'BATTERY', '5003mAh battery', 84.99, 65, 12, 'APPROVED', 'SKU-PIX6P-BAT-001', 24, 2, CURRENT_TIMESTAMP, CURRENT_TIMESTAMP),
(77, 'Pixel 6 Pro Camera', 'CAMERA_REAR', 'Triple camera 50MP main', 219.99, 30, 6, 'APPROVED', 'SKU-PIX6P-CAM-001', 24, 2, CURRENT_TIMESTAMP, CURRENT_TIMESTAMP),

-- Pixel 6 Components
(78, 'Pixel 6 OLED Screen', 'SCREEN', '6.4" OLED 90Hz display', 249.99, 50, 6, 'APPROVED', 'SKU-PIX6-SCR-001', 25, 2, CURRENT_TIMESTAMP, CURRENT_TIMESTAMP),
(79, 'Pixel 6 Battery', 'BATTERY', '4614mAh battery', 74.99, 75, 12, 'APPROVED', 'SKU-PIX6-BAT-001', 25, 2, CURRENT_TIMESTAMP, CURRENT_TIMESTAMP),
(80, 'Pixel 6 Camera', 'CAMERA_REAR', 'Dual camera 50MP main', 179.99, 40, 6, 'APPROVED', 'SKU-PIX6-CAM-001', 25, 2, CURRENT_TIMESTAMP, CURRENT_TIMESTAMP),

-- OnePlus 12 Components
(81, 'OnePlus 12 AMOLED Screen', 'SCREEN', '6.82" LTPO AMOLED 120Hz', 309.99, 30, 6, 'APPROVED', 'SKU-OP12-SCR-001', 26, 2, CURRENT_TIMESTAMP, CURRENT_TIMESTAMP),
(82, 'OnePlus 12 Battery', 'BATTERY', '5400mAh battery', 94.99, 60, 12, 'APPROVED', 'SKU-OP12-BAT-001', 26, 2, CURRENT_TIMESTAMP, CURRENT_TIMESTAMP),
(83, 'OnePlus 12 Camera', 'CAMERA_REAR', 'Triple camera 50MP main', 219.99, 35, 6, 'APPROVED', 'SKU-OP12-CAM-001', 26, 2, CURRENT_TIMESTAMP, CURRENT_TIMESTAMP),

-- OnePlus 11 Components
(84, 'OnePlus 11 AMOLED Screen', 'SCREEN', '6.7" LTPO AMOLED 120Hz', 289.99, 40, 6, 'APPROVED', 'SKU-OP11-SCR-001', 27, 2, CURRENT_TIMESTAMP, CURRENT_TIMESTAMP),
(85, 'OnePlus 11 Battery', 'BATTERY', '5000mAh battery', 89.99, 70, 12, 'APPROVED', 'SKU-OP11-BAT-001', 27, 2, CURRENT_TIMESTAMP, CURRENT_TIMESTAMP),
(86, 'OnePlus 11 Camera', 'CAMERA_REAR', 'Triple camera 50MP main', 209.99, 40, 6, 'APPROVED', 'SKU-OP11-CAM-001', 27, 2, CURRENT_TIMESTAMP, CURRENT_TIMESTAMP);

-- Additional Apple models (iPhone 16 & 17 series)
INSERT INTO models (id, name, brand_id, release_year, created_at, updated_at) VALUES
(28, 'iPhone 16 Pro Max', 1, 2024, CURRENT_TIMESTAMP, CURRENT_TIMESTAMP),
(29, 'iPhone 16 Pro', 1, 2024, CURRENT_TIMESTAMP, CURRENT_TIMESTAMP),
(30, 'iPhone 16', 1, 2024, CURRENT_TIMESTAMP, CURRENT_TIMESTAMP),
(31, 'iPhone 17 Pro Max', 1, 2025, CURRENT_TIMESTAMP, CURRENT_TIMESTAMP),
(32, 'iPhone 17 Pro', 1, 2025, CURRENT_TIMESTAMP, CURRENT_TIMESTAMP),
(33, 'iPhone 17', 1, 2025, CURRENT_TIMESTAMP, CURRENT_TIMESTAMP);

-- Components for newly added iPhone 16 & 17 models
INSERT INTO components (id, name, component_type, description, price, quantity_available, warranty_months, approval_status, sku, model_id, vendor_id, created_at, updated_at) VALUES
(87, 'iPhone 16 Pro Max OLED Screen', 'SCREEN', '6.7" ProMotion Super Retina display', 359.99, 40, 6, 'APPROVED', 'SKU-IP16PM-SCR-001', 28, 2, CURRENT_TIMESTAMP, CURRENT_TIMESTAMP),
(88, 'iPhone 16 Pro Max Battery', 'BATTERY', 'Approx 4500mAh high-capacity battery', 109.99, 70, 12, 'APPROVED', 'SKU-IP16PM-BAT-001', 28, 2, CURRENT_TIMESTAMP, CURRENT_TIMESTAMP),
(89, 'iPhone 16 Pro Max Camera Module', 'CAMERA_REAR', 'Advanced triple camera system 50MP main', 259.99, 35, 6, 'APPROVED', 'SKU-IP16PM-CAM-001', 28, 2, CURRENT_TIMESTAMP, CURRENT_TIMESTAMP),
(90, 'iPhone 16 Pro Max Back Cover', 'OTHER', 'Titanium frame & glass back replacement', 139.99, 55, 3, 'APPROVED', 'SKU-IP16PM-BCK-001', 28, 2, CURRENT_TIMESTAMP, CURRENT_TIMESTAMP),
(91, 'iPhone 16 Pro OLED Screen', 'SCREEN', '6.1" ProMotion Super Retina display', 339.99, 50, 6, 'APPROVED', 'SKU-IP16P-SCR-001', 29, 2, CURRENT_TIMESTAMP, CURRENT_TIMESTAMP),
(92, 'iPhone 16 Pro Battery', 'BATTERY', 'Approx 3800mAh battery', 99.99, 90, 12, 'APPROVED', 'SKU-IP16P-BAT-001', 29, 2, CURRENT_TIMESTAMP, CURRENT_TIMESTAMP),
(93, 'iPhone 16 Pro Camera Module', 'CAMERA_REAR', 'Triple camera 50MP main with LiDAR', 239.99, 45, 6, 'APPROVED', 'SKU-IP16P-CAM-001', 29, 2, CURRENT_TIMESTAMP, CURRENT_TIMESTAMP),
(94, 'iPhone 16 Pro Charging Port', 'OTHER', 'USB-C charging port assembly', 44.99, 130, 6, 'APPROVED', 'SKU-IP16P-CHG-001', 29, 2, CURRENT_TIMESTAMP, CURRENT_TIMESTAMP),
(95, 'iPhone 16 OLED Screen', 'SCREEN', '6.1" Super Retina display', 319.99, 60, 6, 'APPROVED', 'SKU-IP16-SCR-001', 30, 2, CURRENT_TIMESTAMP, CURRENT_TIMESTAMP),
(96, 'iPhone 16 Battery', 'BATTERY', 'Approx 3500mAh battery', 89.99, 100, 12, 'APPROVED', 'SKU-IP16-BAT-001', 30, 2, CURRENT_TIMESTAMP, CURRENT_TIMESTAMP),
(97, 'iPhone 16 Camera', 'CAMERA_REAR', 'Dual/Triple camera 48MP main', 199.99, 55, 6, 'APPROVED', 'SKU-IP16-CAM-001', 30, 2, CURRENT_TIMESTAMP, CURRENT_TIMESTAMP),
(98, 'iPhone 16 Rear Glass', 'OTHER', 'Rear glass replacement', 119.99, 80, 3, 'APPROVED', 'SKU-IP16-BCK-001', 30, 2, CURRENT_TIMESTAMP, CURRENT_TIMESTAMP),
(99, 'iPhone 17 Pro Max OLED Screen', 'SCREEN', '6.7" next-gen ProMotion XDR display', 379.99, 35, 6, 'APPROVED', 'SKU-IP17PM-SCR-001', 31, 2, CURRENT_TIMESTAMP, CURRENT_TIMESTAMP),
(100, 'iPhone 17 Pro Max Battery', 'BATTERY', 'High-density 4600mAh battery', 119.99, 60, 12, 'APPROVED', 'SKU-IP17PM-BAT-001', 31, 2, CURRENT_TIMESTAMP, CURRENT_TIMESTAMP),
(101, 'iPhone 17 Pro Max Camera Module', 'CAMERA_REAR', 'Quad camera 50MP main + telephoto', 279.99, 30, 6, 'APPROVED', 'SKU-IP17PM-CAM-001', 31, 2, CURRENT_TIMESTAMP, CURRENT_TIMESTAMP),
(102, 'iPhone 17 Pro Max Frame', 'OTHER', 'Replacement titanium frame', 159.99, 40, 12, 'APPROVED', 'SKU-IP17PM-FRM-001', 31, 2, CURRENT_TIMESTAMP, CURRENT_TIMESTAMP),
(103, 'iPhone 17 Pro OLED Screen', 'SCREEN', '6.1" next-gen ProMotion XDR display', 359.99, 45, 6, 'APPROVED', 'SKU-IP17P-SCR-001', 32, 2, CURRENT_TIMESTAMP, CURRENT_TIMESTAMP),
(104, 'iPhone 17 Pro Battery', 'BATTERY', 'Approx 3900mAh battery', 109.99, 85, 12, 'APPROVED', 'SKU-IP17P-BAT-001', 32, 2, CURRENT_TIMESTAMP, CURRENT_TIMESTAMP),
(105, 'iPhone 17 Pro Camera', 'CAMERA_REAR', 'Triple camera 50MP main with enhanced OIS', 249.99, 40, 6, 'APPROVED', 'SKU-IP17P-CAM-001', 32, 2, CURRENT_TIMESTAMP, CURRENT_TIMESTAMP),
(106, 'iPhone 17 Pro Back Glass', 'OTHER', 'Glass & camera lens assembly', 129.99, 60, 3, 'APPROVED', 'SKU-IP17P-BCK-001', 32, 2, CURRENT_TIMESTAMP, CURRENT_TIMESTAMP),
(107, 'iPhone 17 OLED Screen', 'SCREEN', '6.1" high-brightness Super Retina display', 329.99, 55, 6, 'APPROVED', 'SKU-IP17-SCR-001', 33, 2, CURRENT_TIMESTAMP, CURRENT_TIMESTAMP),
(108, 'iPhone 17 Battery', 'BATTERY', 'Approx 3600mAh battery', 99.99, 95, 12, 'APPROVED', 'SKU-IP17-BAT-001', 33, 2, CURRENT_TIMESTAMP, CURRENT_TIMESTAMP),
(109, 'iPhone 17 Camera', 'CAMERA_REAR', 'Dual camera 48MP main', 219.99, 50, 6, 'APPROVED', 'SKU-IP17-CAM-001', 33, 2, CURRENT_TIMESTAMP, CURRENT_TIMESTAMP),
(110, 'iPhone 17 Rear Cover', 'OTHER', 'Rear cover replacement', 119.99, 85, 3, 'APPROVED', 'SKU-IP17-BCK-001', 33, 2, CURRENT_TIMESTAMP, CURRENT_TIMESTAMP);
